{
    "euc_error": {
        "perc_0": 0.114,
        "perc_1": 0.624,
        "perc_5": 0.898,
        "perc_25": 1.435,
        "perc_50": 1.93,
        "perc_75": 2.544,
        "perc_95": 3.662,
        "perc_99": 4.661,
        "perc_100": 11.451,
        "mean": 2.0602936252
    },
    "euc_error_RTS": {
        "perc_0": 0.063,
        "perc_1": 0.373,
        "perc_5": 0.52,
        "perc_25": 0.784,
        "perc_50": 1.01,
        "perc_75": 1.279,
        "perc_95": 1.754,
        "perc_99": 2.188,
        "perc_100": 7.523,
        "mean": 1.058700952
    },
    "euc_error_STS": {
        "perc_0": 0.061,
        "perc_1": 0.372,
        "perc_5": 0.52,
        "perc_25": 0.783,
        "perc_50": 1.009,
        "perc_75": 1.277,
        "perc_95": 1.752,
        "perc_99": 2.185,
        "perc_100": 7.523,
        "mean": 1.0572582391999998
    },
    "likelihoods_pos": {
        "perc_0": -49.422,
        "perc_1": -7.119,
        "perc_5": -4.426,
        "perc_25": -2.45,
        "perc_50": -1.746,
        "perc_75": -1.284,
        "perc_95": -0.79,
        "perc_99": -0.447,
        "perc_100": 0.939,
        "mean": -2.0691135712
    },
    "likelihoods_pos_RTS": {
        "perc_0": -23.718,
        "perc_1": -1.739,
        "perc_5": -0.957,
        "perc_25": -0.242,
        "perc_50": 0.125,
        "perc_75": 0.443,
        "perc_95": 0.864,
        "perc_99": 1.214,
        "perc_100": 3.028,
        "mean": 0.0620367476
    },
    "likelihoods_pos_STS": {
        "perc_0": -17.284,
        "perc_1": -1.688,
        "perc_5": -0.9,
        "perc_25": -0.174,
        "perc_50": 0.2,
        "perc_75": 0.525,
        "perc_95": 0.956,
        "perc_99": 1.308,
        "perc_100": 3.14,
        "mean": 0.136994552
    },
    "likelihoods": {
        "perc_0": -39.892,
        "perc_1": -13.715,
        "perc_5": -10.625,
        "perc_25": -7.439,
        "perc_50": -5.804,
        "perc_75": -4.504,
        "perc_95": -3.012,
        "perc_99": -2.007,
        "perc_100": 2.942,
        "mean": -6.176089692
    },
    "likelihoods_RTS": {
        "perc_0": -34.233,
        "perc_1": -11.64,
        "perc_5": -8.321,
        "perc_25": -4.791,
        "perc_50": -2.989,
        "perc_75": -1.579,
        "perc_95": -0.022,
        "perc_99": 0.94,
        "perc_100": 5.485,
        "mean": -3.4223094167999997
    },
    "likelihoods_STS": {
        "perc_0": -22.918,
        "perc_1": -10.541,
        "perc_5": -7.979,
        "perc_25": -4.87,
        "perc_50": -3.092,
        "perc_75": -1.612,
        "perc_95": 0.088,
        "perc_99": 1.125,
        "perc_100": 5.959,
        "mean": -3.4033315044
    },
    "seeds": {},
    "comp_time_filter": {
        "perc_0": 0.000197409,
        "perc_1": 0.00089961,
        "perc_5": 0.00112316,
        "perc_25": 0.00127201,
        "perc_50": 0.0018807595,
        "perc_75": 0.002538799,
        "perc_95": 0.00313992905,
        "perc_99": 0.0035473290099999996,
        "perc_100": 0.005302439,
        "mean": 0.0019381672441487999
    },
    "comp_time_model": {
        "perc_0": 6.46e-05,
        "perc_1": 6.7461e-05,
        "perc_5": 7.01e-05,
        "perc_25": 7.302e-05,
        "perc_50": 0.00011865,
        "perc_75": 0.000124069,
        "perc_95": 0.000137719,
        "perc_99": 0.014208459109999998,
        "perc_100": 0.029151819,
        "mean": 0.00045962240321919997
    },
    "comp_time_rest": {
        "perc_0": 4.2961e-05,
        "perc_1": 4.55e-05,
        "perc_5": 4.746e-05,
        "perc_25": 4.9609e-05,
        "perc_50": 7.3361e-05,
        "perc_75": 7.862e-05,
        "perc_95": 8.5999e-05,
        "perc_99": 9.616204999999888e-05,
        "perc_100": 0.00022088,
        "mean": 6.55419658604e-05
    },
    "comp_time_smoother_RTS": {
        "perc_0": 0.0,
        "perc_1": 3.968e-05,
        "perc_5": 4.0949e-05,
        "perc_25": 4.2808e-05,
        "perc_50": 6.116e-05,
        "perc_75": 7.037e-05,
        "perc_95": 8.1879e-05,
        "perc_99": 8.7149e-05,
        "perc_100": 0.000195449,
        "mean": 5.7559918211600004e-05
    },
    "comp_time_smoother_STS": {
        "perc_0": 0.0,
        "perc_1": 6.3019e-05,
        "perc_5": 6.496e-05,
        "perc_25": 6.784e-05,
        "perc_50": 9.949e-05,
        "perc_75": 0.000109519,
        "perc_95": 0.000128919,
        "perc_99": 0.00013691,
        "perc_100": 0.00114829,
        "mean": 9.077373677800001e-05
    },
    "comp_time_model_smoother_RTS": {
        "perc_0": 0.0,
        "perc_1": 5.0509e-05,
        "perc_5": 5.2271e-05,
        "perc_25": 5.4539e-05,
        "perc_50": 8.805e-05,
        "perc_75": 9.582e-05,
        "perc_95": 0.00010547,
        "perc_99": 0.000115171,
        "perc_100": 0.00022778,
        "mean": 7.64035384816e-05
    },
    "comp_time_model_smoother_STS": {
        "perc_0": 0.0,
        "perc_1": 5.254e-05,
        "perc_5": 5.4349e-05,
        "perc_25": 5.669e-05,
        "perc_50": 9.072e-05,
        "perc_75": 9.7899e-05,
        "perc_95": 0.00010761004999999981,
        "perc_99": 0.000117259,
        "perc_100": 0.00022221,
        "mean": 7.855602478959999e-05
    },
    "result": {}
}