{
    "euc_error": {
        "perc_0": 0.114,
        "perc_1": 1.264,
        "perc_5": 2.004,
        "perc_25": 3.485,
        "perc_50": 4.925,
        "perc_75": 6.901,
        "perc_95": 12.243,
        "perc_99": 40.339029999999326,
        "perc_100": 139273.673,
        "mean": 8.19670903
    },
    "euc_error_RTS": {
        "perc_0": 0.078,
        "perc_1": 1.075,
        "perc_5": 1.609,
        "perc_25": 2.613,
        "perc_50": 3.542,
        "perc_75": 4.754,
        "perc_95": 8.123,
        "perc_99": 25.537,
        "perc_100": 5164.548,
        "mean": 4.581901729999999
    },
    "euc_error_STS": {
        "perc_0": 0.111,
        "perc_1": 1.066,
        "perc_5": 1.594,
        "perc_25": 2.585,
        "perc_50": 3.498,
        "perc_75": 4.672,
        "perc_95": 7.685,
        "perc_99": 22.202,
        "perc_100": 5164.548,
        "mean": 4.3679745204
    },
    "likelihoods_pos": {
        "perc_0": -85.139,
        "perc_1": -17.602,
        "perc_5": -10.844,
        "perc_25": -6.469,
        "perc_50": -3.4,
        "perc_75": -0.424,
        "perc_95": 4.378,
        "perc_99": 7.275,
        "perc_100": 10.807,
        "mean": -3.5122261628
    },
    "likelihoods_pos_RTS": {
        "perc_0": -2147483.648,
        "perc_1": -99.59201999999999,
        "perc_5": -13.871,
        "perc_25": -4.279,
        "perc_50": -0.969,
        "perc_75": 1.543,
        "perc_95": 6.4,
        "perc_99": 8.869,
        "perc_100": 12.104,
        "mean": -19.828791390400003
    },
    "likelihoods_pos_STS": {
        "perc_0": -64.161,
        "perc_1": -16.357,
        "perc_5": -7.428,
        "perc_25": -3.064,
        "perc_50": -0.773,
        "perc_75": 1.645,
        "perc_95": 6.698,
        "perc_99": 9.496,
        "perc_100": 13.061,
        "mean": -0.7877256220000001
    },
    "likelihoods": {
        "perc_0": -86.635,
        "perc_1": -40.472,
        "perc_5": -35.206,
        "perc_25": -26.437,
        "perc_50": -20.695,
        "perc_75": -15.585,
        "perc_95": -10.263,
        "perc_99": -6.72,
        "perc_100": 10.483,
        "mean": -21.3722726096
    },
    "likelihoods_RTS": {
        "perc_0": -2147483.648,
        "perc_1": -170357.42369999998,
        "perc_5": -34971.30084999999,
        "perc_25": -2354.0485,
        "perc_50": -423.557,
        "perc_75": -90.535,
        "perc_95": -16.934,
        "perc_99": -7.477,
        "perc_100": 9.751,
        "mean": -8586.4825040144
    },
    "likelihoods_STS": {
        "perc_0": -50.536,
        "perc_1": -39.101,
        "perc_5": -33.424,
        "perc_25": -25.524,
        "perc_50": -19.78,
        "perc_75": -14.84,
        "perc_95": -9.251,
        "perc_99": -5.956,
        "perc_100": 8.35,
        "mean": -20.401250177599998
    },
    "seeds": {},
    "comp_time_filter": {
        "perc_0": 0.0,
        "perc_1": 6.6249e-05,
        "perc_5": 6.6919e-05,
        "perc_25": 6.8619e-05,
        "perc_50": 0.000108851,
        "perc_75": 0.000124511,
        "perc_95": 0.000136679,
        "perc_99": 0.000148289,
        "perc_100": 0.003689841,
        "mean": 9.93432644572e-05
    },
    "comp_time_model": {
        "perc_0": 0.0,
        "perc_1": 6.137e-05,
        "perc_5": 6.2059e-05,
        "perc_25": 6.3799e-05,
        "perc_50": 0.000100288,
        "perc_75": 0.000112759,
        "perc_95": 0.000124009,
        "perc_99": 0.020226077299999992,
        "perc_100": 0.027866089,
        "mean": 0.0004261285522784
    },
    "comp_time_rest": {
        "perc_0": 6.51e-07,
        "perc_1": 5.2649e-05,
        "perc_5": 5.3319e-05,
        "perc_25": 5.501e-05,
        "perc_50": 8.429e-05,
        "perc_75": 9.236e-05,
        "perc_95": 0.000102279,
        "perc_99": 0.000112529,
        "perc_100": 0.00020848,
        "mean": 7.63325525308e-05
    },
    "comp_time_smoother_RTS": {
        "perc_0": 0.0,
        "perc_1": 3.793e-05,
        "perc_5": 3.841e-05,
        "perc_25": 3.938e-05,
        "perc_50": 6.1661e-05,
        "perc_75": 6.8069e-05,
        "perc_95": 7.671e-05,
        "perc_99": 8.2319e-05,
        "perc_100": 0.000304801,
        "mean": 5.5403669919599996e-05
    },
    "comp_time_smoother_STS": {
        "perc_0": 0.0,
        "perc_1": 6.0979e-05,
        "perc_5": 6.1711e-05,
        "perc_25": 6.3199e-05,
        "perc_50": 9.8149e-05,
        "perc_75": 0.00010829,
        "perc_95": 0.000121809,
        "perc_99": 0.00013081,
        "perc_100": 0.000273579,
        "mean": 8.82398581208e-05
    },
    "comp_time_model_smoother_RTS": {
        "perc_0": 0.0,
        "perc_1": 5.022e-05,
        "perc_5": 5.0848e-05,
        "perc_25": 5.208e-05,
        "perc_50": 8.209e-05,
        "perc_75": 9.088e-05,
        "perc_95": 0.000100609,
        "perc_99": 0.00010969,
        "perc_100": 0.000172868,
        "mean": 7.3473004732e-05
    },
    "comp_time_model_smoother_STS": {
        "perc_0": 0.0,
        "perc_1": 5.219e-05,
        "perc_5": 5.286e-05,
        "perc_25": 5.42e-05,
        "perc_50": 8.4569e-05,
        "perc_75": 9.314e-05,
        "perc_95": 0.00010248,
        "perc_99": 0.000111588,
        "perc_100": 0.00034706,
        "mean": 7.55895665816e-05
    },
    "result": {}
}