{
    "euc_error": {
        "perc_0": 0.098,
        "perc_1": 0.601,
        "perc_5": 0.868,
        "perc_25": 1.392,
        "perc_50": 1.88,
        "perc_75": 2.488,
        "perc_95": 3.606,
        "perc_99": 4.617,
        "perc_100": 11.064,
        "mean": 2.0131539304
    },
    "euc_error_RTS": {
        "perc_0": 0.074,
        "perc_1": 0.402,
        "perc_5": 0.562,
        "perc_25": 0.855,
        "perc_50": 1.111,
        "perc_75": 1.42,
        "perc_95": 1.984,
        "perc_99": 2.507,
        "perc_100": 6.923,
        "mean": 1.1717674007999999
    },
    "euc_error_STS": {
        "perc_0": 0.051,
        "perc_1": 0.361,
        "perc_5": 0.504,
        "perc_25": 0.762,
        "perc_50": 0.986,
        "perc_75": 1.255,
        "perc_95": 1.738,
        "perc_99": 2.187,
        "perc_100": 6.923,
        "mean": 1.0374577372
    },
    "likelihoods_pos": {
        "perc_0": -13.292,
        "perc_1": -5.694,
        "perc_5": -4.05,
        "perc_25": -2.384,
        "perc_50": -1.671,
        "perc_75": -1.191,
        "perc_95": -0.684,
        "perc_99": -0.337,
        "perc_100": 1.095,
        "mean": -1.9229361548
    },
    "likelihoods_pos_RTS": {
        "perc_0": -20.434,
        "perc_1": -3.192,
        "perc_5": -2.268,
        "perc_25": -1.502,
        "perc_50": -1.125,
        "perc_75": -0.804,
        "perc_95": -0.374,
        "perc_99": -0.011,
        "perc_100": 1.856,
        "mean": -1.1979365
    },
    "likelihoods_pos_STS": {
        "perc_0": -10.082,
        "perc_1": -2.319,
        "perc_5": -1.538,
        "perc_25": -0.786,
        "perc_50": -0.389,
        "perc_75": -0.041,
        "perc_95": 0.418,
        "perc_99": 0.784,
        "perc_100": 2.678,
        "mean": -0.4512607628
    },
    "likelihoods": {
        "perc_0": -19.085,
        "perc_1": -11.223,
        "perc_5": -9.54,
        "perc_25": -7.354,
        "perc_50": -5.934,
        "perc_75": -4.615,
        "perc_95": -2.952,
        "perc_99": -1.871,
        "perc_100": 4.011,
        "mean": -6.0447082392
    },
    "likelihoods_RTS": {
        "perc_0": -20.196,
        "perc_1": -7.99,
        "perc_5": -6.518,
        "perc_25": -4.931,
        "perc_50": -4.063,
        "perc_75": -3.319,
        "perc_95": -2.355,
        "perc_99": -1.548,
        "perc_100": 2.764,
        "mean": -4.1946328532
    },
    "likelihoods_STS": {
        "perc_0": -14.542,
        "perc_1": -7.685,
        "perc_5": -6.276,
        "perc_25": -4.409,
        "perc_50": -3.208,
        "perc_75": -2.093,
        "perc_95": -0.629,
        "perc_99": 0.385,
        "perc_100": 5.736,
        "mean": -3.2956478332000003
    },
    "seeds": {},
    "comp_time_filter": {
        "perc_0": 0.000111959,
        "perc_1": 0.00014116,
        "perc_5": 0.00014296,
        "perc_25": 0.00017963,
        "perc_50": 0.000247811,
        "perc_75": 0.000321969,
        "perc_95": 0.00038079,
        "perc_99": 0.0004268510799999982,
        "perc_100": 0.000810729,
        "mean": 0.0002511809741468
    },
    "comp_time_model": {
        "perc_0": 5.968e-05,
        "perc_1": 6.3479e-05,
        "perc_5": 6.416e-05,
        "perc_25": 6.5688e-05,
        "perc_50": 0.00010575,
        "perc_75": 0.0001143,
        "perc_95": 0.000125949,
        "perc_99": 0.013471945189999661,
        "perc_100": 0.02736357,
        "mean": 0.0004218045663988
    },
    "comp_time_rest": {
        "perc_0": 5.2621e-05,
        "perc_1": 5.5559e-05,
        "perc_5": 5.62e-05,
        "perc_25": 5.7621e-05,
        "perc_50": 8.9959e-05,
        "perc_75": 9.568e-05,
        "perc_95": 0.00010644,
        "perc_99": 0.000115342,
        "perc_100": 0.000348411,
        "mean": 7.97130776952e-05
    },
    "comp_time_smoother_RTS": {
        "perc_0": 0.0,
        "perc_1": 3.8971e-05,
        "perc_5": 3.9418e-05,
        "perc_25": 4.019e-05,
        "perc_50": 6.3289e-05,
        "perc_75": 6.599e-05,
        "perc_95": 7.725e-05,
        "perc_99": 8.1739e-05,
        "perc_100": 0.000308502,
        "mean": 5.5587835396000004e-05
    },
    "comp_time_smoother_STS": {
        "perc_0": 0.0,
        "perc_1": 6.465e-05,
        "perc_5": 6.5349e-05,
        "perc_25": 6.6569e-05,
        "perc_50": 0.000104679,
        "perc_75": 0.00010908,
        "perc_95": 0.00012664,
        "perc_99": 0.000134909,
        "perc_100": 0.000354549,
        "mean": 9.1715958642e-05
    },
    "comp_time_model_smoother_RTS": {
        "perc_0": 0.0,
        "perc_1": 4.9658e-05,
        "perc_5": 5.0231e-05,
        "perc_25": 5.13e-05,
        "perc_50": 8.1839e-05,
        "perc_75": 8.646e-05,
        "perc_95": 9.8621e-05,
        "perc_99": 0.00010598900999999977,
        "perc_100": 0.000324349,
        "mean": 7.161317174200001e-05
    },
    "comp_time_model_smoother_STS": {
        "perc_0": 0.0,
        "perc_1": 5.142e-05,
        "perc_5": 5.2039e-05,
        "perc_25": 5.316e-05,
        "perc_50": 8.459e-05,
        "perc_75": 8.9939e-05,
        "perc_95": 0.000100588,
        "perc_99": 0.00010779,
        "perc_100": 0.000257189,
        "mean": 7.39741279792e-05
    },
    "result": {}
}