{
    "euc_error": {
        "perc_0": 0.067,
        "perc_1": 0.626,
        "perc_5": 0.903,
        "perc_25": 1.442,
        "perc_50": 1.939,
        "perc_75": 2.556,
        "perc_95": 3.689,
        "perc_99": 4.703,
        "perc_100": 10.691,
        "mean": 2.0719104252
    },
    "euc_error_RTS": {
        "perc_0": 0.056,
        "perc_1": 0.378,
        "perc_5": 0.526,
        "perc_25": 0.792,
        "perc_50": 1.019,
        "perc_75": 1.289,
        "perc_95": 1.769,
        "perc_99": 2.211,
        "perc_100": 8.94,
        "mean": 1.0684601491999999
    },
    "euc_error_STS": {
        "perc_0": 0.061,
        "perc_1": 0.378,
        "perc_5": 0.526,
        "perc_25": 0.792,
        "perc_50": 1.019,
        "perc_75": 1.288,
        "perc_95": 1.768,
        "perc_99": 2.208,
        "perc_100": 8.94,
        "mean": 1.0678162108
    },
    "likelihoods_pos": {
        "perc_0": -45.147,
        "perc_1": -7.233,
        "perc_5": -4.508,
        "perc_25": -2.58,
        "perc_50": -1.931,
        "perc_75": -1.54,
        "perc_95": -1.134,
        "perc_99": -0.821,
        "perc_100": 0.821,
        "mean": -2.2663656604
    },
    "likelihoods_pos_RTS": {
        "perc_0": -31.889,
        "perc_1": -1.729,
        "perc_5": -1.046,
        "perc_25": -0.513,
        "perc_50": -0.263,
        "perc_75": -0.043,
        "perc_95": 0.263,
        "perc_99": 0.581,
        "perc_100": 2.247,
        "mean": -0.3080670336
    },
    "likelihoods_pos_STS": {
        "perc_0": -20.508,
        "perc_1": -1.688,
        "perc_5": -0.998,
        "perc_25": -0.448,
        "perc_50": -0.189,
        "perc_75": 0.036,
        "perc_95": 0.35,
        "perc_99": 0.669,
        "perc_100": 2.364,
        "mean": -0.2365146264
    },
    "likelihoods": {
        "perc_0": -51.548,
        "perc_1": -13.451,
        "perc_5": -10.277,
        "perc_25": -7.249,
        "perc_50": -5.783,
        "perc_75": -4.683,
        "perc_95": -3.541,
        "perc_99": -2.742,
        "perc_100": 2.775,
        "mean": -6.1936925088
    },
    "likelihoods_RTS": {
        "perc_0": -39.414,
        "perc_1": -10.247,
        "perc_5": -7.335,
        "perc_25": -4.389,
        "perc_50": -2.921,
        "perc_75": -1.81,
        "perc_95": -0.652,
        "perc_99": 0.096,
        "perc_100": 4.849,
        "mean": -3.3146373656
    },
    "likelihoods_STS": {
        "perc_0": -25.587,
        "perc_1": -9.66,
        "perc_5": -7.258,
        "perc_25": -4.51,
        "perc_50": -2.997,
        "perc_75": -1.784,
        "perc_95": -0.48,
        "perc_99": 0.32,
        "perc_100": 5.226,
        "mean": -3.3147844456
    },
    "seeds": {},
    "comp_time_filter": {
        "perc_0": 6.6789e-05,
        "perc_1": 7.071e-05,
        "perc_5": 7.1609e-05,
        "perc_25": 7.446e-05,
        "perc_50": 0.00012731,
        "perc_75": 0.0001863,
        "perc_95": 0.0004644480499999998,
        "perc_99": 0.0006397190099999998,
        "perc_100": 0.001675849,
        "mean": 0.0001702779714012
    },
    "comp_time_model": {
        "perc_0": 5.8621e-05,
        "perc_1": 6.196e-05,
        "perc_5": 6.2659e-05,
        "perc_25": 6.418e-05,
        "perc_50": 0.000103219,
        "perc_75": 0.000114189,
        "perc_95": 0.00012527,
        "perc_99": 0.013429430089999998,
        "perc_100": 0.04332327,
        "mean": 0.0004211798807248
    },
    "comp_time_rest": {
        "perc_0": 3.757e-05,
        "perc_1": 3.9992e-05,
        "perc_5": 4.0578e-05,
        "perc_25": 4.186e-05,
        "perc_50": 6.2418e-05,
        "perc_75": 6.858e-05,
        "perc_95": 7.595e-05,
        "perc_99": 8.4309e-05,
        "perc_100": 0.000319639,
        "mean": 5.6750860195599995e-05
    },
    "comp_time_smoother_RTS": {
        "perc_0": 0.0,
        "perc_1": 3.902e-05,
        "perc_5": 3.9479e-05,
        "perc_25": 4.0239e-05,
        "perc_50": 6.326e-05,
        "perc_75": 6.881e-05,
        "perc_95": 7.807e-05,
        "perc_99": 8.358e-05,
        "perc_100": 0.00031929,
        "mean": 5.56652338996e-05
    },
    "comp_time_smoother_STS": {
        "perc_0": 0.0,
        "perc_1": 6.2189e-05,
        "perc_5": 6.287e-05,
        "perc_25": 6.403e-05,
        "perc_50": 0.00010006,
        "perc_75": 0.000106061,
        "perc_95": 0.000122349,
        "perc_99": 0.0001313510799999982,
        "perc_100": 0.000367951,
        "mean": 8.77939669716e-05
    },
    "comp_time_model_smoother_RTS": {
        "perc_0": 0.0,
        "perc_1": 4.9959e-05,
        "perc_5": 5.0559e-05,
        "perc_25": 5.159e-05,
        "perc_50": 8.2649e-05,
        "perc_75": 9.035e-05,
        "perc_95": 9.993e-05,
        "perc_99": 0.000109188,
        "perc_100": 0.00032445,
        "mean": 7.21485411012e-05
    },
    "comp_time_model_smoother_STS": {
        "perc_0": 0.0,
        "perc_1": 5.1929e-05,
        "perc_5": 5.255e-05,
        "perc_25": 5.3649e-05,
        "perc_50": 8.4999e-05,
        "perc_75": 9.1648e-05,
        "perc_95": 0.000101799,
        "perc_99": 0.00011125,
        "perc_100": 0.00034455,
        "mean": 7.42031150736e-05
    },
    "result": {}
}