{
    "euc_error": {
        "perc_0": 0.12,
        "perc_1": 0.662,
        "perc_5": 0.956,
        "perc_25": 1.533,
        "perc_50": 2.073,
        "perc_75": 2.752,
        "perc_95": 4.068,
        "perc_99": 5.377,
        "perc_100": 144.877,
        "mean": 2.260527384
    },
    "euc_error_RTS": {
        "perc_0": 0.074,
        "perc_1": 0.411,
        "perc_5": 0.574,
        "perc_25": 0.867,
        "perc_50": 1.117,
        "perc_75": 1.417,
        "perc_95": 1.967,
        "perc_99": 2.528,
        "perc_100": 85.91,
        "mean": 1.1881747484
    },
    "euc_error_STS": {
        "perc_0": 0.067,
        "perc_1": 0.411,
        "perc_5": 0.574,
        "perc_25": 0.865,
        "perc_50": 1.115,
        "perc_75": 1.414,
        "perc_95": 1.962,
        "perc_99": 2.521,
        "perc_100": 86.965,
        "mean": 1.185799932
    },
    "likelihoods_pos": {
        "perc_0": -10503.01,
        "perc_1": -9.474,
        "perc_5": -5.43,
        "perc_25": -2.817,
        "perc_50": -1.995,
        "perc_75": -1.546,
        "perc_95": -1.12,
        "perc_99": -0.807,
        "perc_100": 0.821,
        "mean": -3.2127089856
    },
    "likelihoods_pos_RTS": {
        "perc_0": -3695.249,
        "perc_1": -2.191,
        "perc_5": -1.23,
        "perc_25": -0.54,
        "perc_50": -0.255,
        "perc_75": -0.02,
        "perc_95": 0.296,
        "perc_99": 0.609,
        "perc_100": 2.272,
        "mean": -0.5392679748
    },
    "likelihoods_pos_STS": {
        "perc_0": -107.935,
        "perc_1": -2.157,
        "perc_5": -1.205,
        "perc_25": -0.498,
        "perc_50": -0.202,
        "perc_75": 0.039,
        "perc_95": 0.364,
        "perc_99": 0.68,
        "perc_100": 2.362,
        "mean": -0.3083079036
    },
    "likelihoods": {
        "perc_0": -506.638,
        "perc_1": -17.976,
        "perc_5": -12.526,
        "perc_25": -8.174,
        "perc_50": -6.282,
        "perc_75": -4.938,
        "perc_95": -3.62,
        "perc_99": -2.769,
        "perc_100": 2.775,
        "mean": -6.9902576908
    },
    "likelihoods_RTS": {
        "perc_0": -503.388,
        "perc_1": -14.463,
        "perc_5": -9.676,
        "perc_25": -5.512,
        "perc_50": -3.583,
        "perc_75": -2.181,
        "perc_95": -0.786,
        "perc_99": 0.031,
        "perc_100": 4.95,
        "mean": -4.2591781676
    },
    "likelihoods_STS": {
        "perc_0": -75.445,
        "perc_1": -12.463,
        "perc_5": -9.075,
        "perc_25": -5.544,
        "perc_50": -3.679,
        "perc_75": -2.213,
        "perc_95": -0.672,
        "perc_99": 0.212,
        "perc_100": 5.196,
        "mean": -4.1348446416
    },
    "seeds": {},
    "comp_time_filter": {
        "perc_0": 4.341e-05,
        "perc_1": 4.5909e-05,
        "perc_5": 4.6449e-05,
        "perc_25": 4.7559e-05,
        "perc_50": 7.578e-05,
        "perc_75": 7.8501e-05,
        "perc_95": 9.5719e-05,
        "perc_99": 0.000105239,
        "perc_100": 0.000259598,
        "mean": 6.74318639756e-05
    },
    "comp_time_model": {
        "perc_0": 5.5889e-05,
        "perc_1": 5.8979e-05,
        "perc_5": 5.9589e-05,
        "perc_25": 6.101e-05,
        "perc_50": 9.628e-05,
        "perc_75": 0.000100291,
        "perc_95": 0.000118748,
        "perc_99": 0.013565154689999985,
        "perc_100": 0.02672866,
        "mean": 0.0004036769432444
    },
    "comp_time_rest": {
        "perc_0": 3.307e-05,
        "perc_1": 3.557e-05,
        "perc_5": 3.6079e-05,
        "perc_25": 3.7268e-05,
        "perc_50": 5.6339e-05,
        "perc_75": 5.8909e-05,
        "perc_95": 6.994e-05,
        "perc_99": 7.695e-05,
        "perc_100": 0.00021035,
        "mean": 5.07233539188e-05
    },
    "comp_time_smoother_RTS": {
        "perc_0": 0.0,
        "perc_1": 3.798e-05,
        "perc_5": 3.842e-05,
        "perc_25": 3.924e-05,
        "perc_50": 6.1449e-05,
        "perc_75": 6.287e-05,
        "perc_95": 7.549e-05,
        "perc_99": 8.0379e-05,
        "perc_100": 0.00044188,
        "mean": 5.3524194512000004e-05
    },
    "comp_time_smoother_STS": {
        "perc_0": 0.0,
        "perc_1": 6.0538e-05,
        "perc_5": 6.1191e-05,
        "perc_25": 6.242e-05,
        "perc_50": 9.7028e-05,
        "perc_75": 9.909e-05,
        "perc_95": 0.00011777,
        "perc_99": 0.00012679,
        "perc_100": 0.000238009,
        "mean": 8.44987359536e-05
    },
    "comp_time_model_smoother_RTS": {
        "perc_0": 0.0,
        "perc_1": 5.0119e-05,
        "perc_5": 5.068e-05,
        "perc_25": 5.171e-05,
        "perc_50": 8.1399e-05,
        "perc_75": 8.315e-05,
        "perc_95": 9.874e-05,
        "perc_99": 0.000105599,
        "perc_100": 0.000223629,
        "mean": 7.06719414916e-05
    },
    "comp_time_model_smoother_STS": {
        "perc_0": 0.0,
        "perc_1": 5.2209e-05,
        "perc_5": 5.2819e-05,
        "perc_25": 5.3959e-05,
        "perc_50": 8.411e-05,
        "perc_75": 8.596e-05,
        "perc_95": 0.00010065,
        "perc_99": 0.00010749,
        "perc_100": 0.000222959,
        "mean": 7.30746011568e-05
    },
    "result": {}
}