{
    "euc_error": {
        "perc_0": 0.076,
        "perc_1": 0.515,
        "perc_5": 0.748,
        "perc_25": 1.213,
        "perc_50": 1.651,
        "perc_75": 2.193,
        "perc_95": 3.176,
        "perc_99": 4.039,
        "perc_100": 10.822,
        "mean": 1.7667085896
    },
    "euc_error_RTS": {
        "perc_0": 0.081,
        "perc_1": 0.565,
        "perc_5": 0.805,
        "perc_25": 1.398,
        "perc_50": 2.328,
        "perc_75": 4.622,
        "perc_95": 18.099,
        "perc_99": 63.871019999999554,
        "perc_100": 3391.486,
        "mean": 6.321482654
    },
    "euc_error_STS": {
        "perc_0": 0.042,
        "perc_1": 0.296,
        "perc_5": 0.414,
        "perc_25": 0.633,
        "perc_50": 0.825,
        "perc_75": 1.059,
        "perc_95": 1.475,
        "perc_99": 1.847,
        "perc_100": 6.977,
        "mean": 0.8705190924
    },
    "likelihoods_pos": {
        "perc_0": -11.003,
        "perc_1": -4.093,
        "perc_5": -2.878,
        "perc_25": -1.686,
        "perc_50": -1.106,
        "perc_75": -0.641,
        "perc_95": -0.087,
        "perc_99": 0.296,
        "perc_100": 2.506,
        "mean": -1.2428253952
    },
    "likelihoods_pos_RTS": {
        "perc_0": -2147483.648,
        "perc_1": -532.47818,
        "perc_5": -46.61904999999999,
        "perc_25": -6.864,
        "perc_50": -3.746,
        "perc_75": -2.191,
        "perc_95": -0.613,
        "perc_99": 0.163,
        "perc_100": 2.861,
        "mean": -173.170303338
    },
    "likelihoods_pos_STS": {
        "perc_0": -9.259,
        "perc_1": -4.769,
        "perc_5": -3.873,
        "perc_25": -2.787,
        "perc_50": -2.137,
        "perc_75": -1.545,
        "perc_95": -0.746,
        "perc_99": -0.18,
        "perc_100": 3.58,
        "mean": -2.1999710448000003
    },
    "likelihoods": {
        "perc_0": -21.983,
        "perc_1": -11.294,
        "perc_5": -9.101,
        "perc_25": -6.547,
        "perc_50": -5.119,
        "perc_75": -3.941,
        "perc_95": -2.561,
        "perc_99": -1.642,
        "perc_100": 4.331,
        "mean": -5.3780879456
    },
    "likelihoods_RTS": {
        "perc_0": -1513.999,
        "perc_1": -19.465,
        "perc_5": -15.099,
        "perc_25": -10.667,
        "perc_50": -8.271,
        "perc_75": -6.263,
        "perc_95": -4.05,
        "perc_99": -2.829,
        "perc_100": 2.135,
        "mean": -8.7991159228
    },
    "likelihoods_STS": {
        "perc_0": -18.993,
        "perc_1": -11.392,
        "perc_5": -9.398,
        "perc_25": -7.09,
        "perc_50": -5.784,
        "perc_75": -4.657,
        "perc_95": -3.243,
        "perc_99": -2.309,
        "perc_100": 3.039,
        "mean": -5.9801272476000005
    },
    "seeds": {},
    "comp_time_filter": {
        "perc_0": 8.7969e-05,
        "perc_1": 9.128e-05,
        "perc_5": 9.2429e-05,
        "perc_25": 9.589e-05,
        "perc_50": 0.000154749,
        "perc_75": 0.00016381,
        "perc_95": 0.00019245,
        "perc_99": 0.000207729,
        "perc_100": 0.000603768,
        "mean": 0.00013576668504519998
    },
    "comp_time_model": {
        "perc_0": 6.0621e-05,
        "perc_1": 6.2559e-05,
        "perc_5": 6.3349e-05,
        "perc_25": 6.582e-05,
        "perc_50": 0.0001035,
        "perc_75": 0.000109509,
        "perc_95": 0.00012659,
        "perc_99": 0.013502778709999984,
        "perc_100": 0.02680386,
        "mean": 0.0004031162116548
    },
    "comp_time_rest": {
        "perc_0": 5.2829e-05,
        "perc_1": 5.5289e-05,
        "perc_5": 5.606e-05,
        "perc_25": 5.833e-05,
        "perc_50": 8.9069e-05,
        "perc_75": 9.3909e-05,
        "perc_95": 0.00010679704999999981,
        "perc_99": 0.00011643,
        "perc_100": 0.000351959,
        "mean": 7.8965151238e-05
    },
    "comp_time_smoother_RTS": {
        "perc_0": 0.0,
        "perc_1": 3.9131e-05,
        "perc_5": 3.9649e-05,
        "perc_25": 4.088e-05,
        "perc_50": 6.441e-05,
        "perc_75": 6.7591e-05,
        "perc_95": 7.8089e-05,
        "perc_99": 8.483e-05,
        "perc_100": 0.000306819,
        "mean": 5.61574517028e-05
    },
    "comp_time_smoother_STS": {
        "perc_0": 0.0,
        "perc_1": 6.433e-05,
        "perc_5": 6.512e-05,
        "perc_25": 6.707e-05,
        "perc_50": 0.00010501,
        "perc_75": 0.000109889,
        "perc_95": 0.00012649904999999982,
        "perc_99": 0.000138149,
        "perc_100": 0.000362199,
        "mean": 9.153120655600001e-05
    },
    "comp_time_model_smoother_RTS": {
        "perc_0": 0.0,
        "perc_1": 5.016e-05,
        "perc_5": 5.083e-05,
        "perc_25": 5.248e-05,
        "perc_50": 8.358e-05,
        "perc_75": 8.778e-05,
        "perc_95": 0.00010086,
        "perc_99": 0.00010955107999999821,
        "perc_100": 0.000339799,
        "mean": 7.2632298376e-05
    },
    "comp_time_model_smoother_STS": {
        "perc_0": 0.0,
        "perc_1": 5.1889e-05,
        "perc_5": 5.2578e-05,
        "perc_25": 5.4259e-05,
        "perc_50": 8.601e-05,
        "perc_75": 9.029e-05,
        "perc_95": 0.000102359,
        "perc_99": 0.000111019,
        "perc_100": 0.000358609,
        "mean": 7.46317233292e-05
    },
    "result": {}
}