{
    "euc_error": {
        "perc_0": 0.065,
        "perc_1": 0.657,
        "perc_5": 0.954,
        "perc_25": 1.562,
        "perc_50": 2.18,
        "perc_75": 3.137,
        "perc_95": 8.586,
        "perc_99": 30.085,
        "perc_100": 12559.787,
        "mean": 3.7918625724
    },
    "euc_error_RTS": {
        "perc_0": 0.082,
        "perc_1": 0.44,
        "perc_5": 0.624,
        "perc_25": 0.992,
        "perc_50": 1.396,
        "perc_75": 2.287,
        "perc_95": 10.913,
        "perc_99": 35.906009999999775,
        "perc_100": 1503.009,
        "mean": 3.3484735268
    },
    "euc_error_STS": {
        "perc_0": 0.056,
        "perc_1": 0.439,
        "perc_5": 0.622,
        "perc_25": 0.986,
        "perc_50": 1.383,
        "perc_75": 2.229,
        "perc_95": 10.461,
        "perc_99": 34.43100999999977,
        "perc_100": 1339.412,
        "mean": 3.2302962868
    },
    "likelihoods_pos": {
        "perc_0": -2147483.648,
        "perc_1": -62.18107999999999,
        "perc_5": -9.862,
        "perc_25": -3.141,
        "perc_50": -2.179,
        "perc_75": -1.676,
        "perc_95": -1.207,
        "perc_99": -0.882,
        "perc_100": 0.821,
        "mean": -15.2396864048
    },
    "likelihoods_pos_RTS": {
        "perc_0": -655517.417,
        "perc_1": -278.54648999999995,
        "perc_5": -25.711,
        "perc_25": -2.643,
        "perc_50": -1.106,
        "perc_75": -0.436,
        "perc_95": 0.061,
        "perc_99": 0.361,
        "perc_100": 2.25,
        "mean": -35.0913094184
    },
    "likelihoods_pos_STS": {
        "perc_0": -209.137,
        "perc_1": -58.058069999999994,
        "perc_5": -18.805,
        "perc_25": -2.807,
        "perc_50": -1.156,
        "perc_75": -0.417,
        "perc_95": 0.123,
        "perc_99": 0.434,
        "perc_100": 2.355,
        "mean": -4.0724517088
    },
    "likelihoods": {
        "perc_0": -1140682.537,
        "perc_1": -63.507009999999994,
        "perc_5": -18.122,
        "perc_25": -8.735,
        "perc_50": -6.582,
        "perc_75": -5.161,
        "perc_95": -3.774,
        "perc_99": -2.918,
        "perc_100": 2.775,
        "mean": -13.7224263784
    },
    "likelihoods_RTS": {
        "perc_0": -15463.019,
        "perc_1": -28.10201,
        "perc_5": -14.409,
        "perc_25": -7.443,
        "perc_50": -4.868,
        "perc_75": -3.13,
        "perc_95": -1.388,
        "perc_99": -0.445,
        "perc_100": 4.692,
        "mean": -6.561597813600001
    },
    "likelihoods_STS": {
        "perc_0": -130.909,
        "perc_1": -22.50201,
        "perc_5": -14.667,
        "perc_25": -7.55,
        "perc_50": -4.958,
        "perc_75": -3.171,
        "perc_95": -1.3,
        "perc_99": -0.268,
        "perc_100": 5.094,
        "mean": -6.0459851328
    },
    "seeds": {},
    "comp_time_filter": {
        "perc_0": 7.706e-05,
        "perc_1": 8.2289e-05,
        "perc_5": 8.3719e-05,
        "perc_25": 0.000135978,
        "perc_50": 0.000203119,
        "perc_75": 0.00050548825,
        "perc_95": 0.001061169,
        "perc_99": 0.0013061790099999997,
        "perc_100": 0.00265266,
        "mean": 0.0003673494727444
    },
    "comp_time_model": {
        "perc_0": 6.661e-05,
        "perc_1": 7.13e-05,
        "perc_5": 7.2419e-05,
        "perc_25": 7.532e-05,
        "perc_50": 0.000121399,
        "perc_75": 0.00013072,
        "perc_95": 0.00014307,
        "perc_99": 0.013454841689999985,
        "perc_100": 0.034932409,
        "mean": 0.0004390475416048
    },
    "comp_time_rest": {
        "perc_0": 3.992e-05,
        "perc_1": 4.296e-05,
        "perc_5": 4.3759e-05,
        "perc_25": 4.5299e-05,
        "perc_50": 6.6549e-05,
        "perc_75": 7.1889e-05,
        "perc_95": 7.9488e-05,
        "perc_99": 8.775900999999978e-05,
        "perc_100": 0.00032635,
        "mean": 6.01552596276e-05
    },
    "comp_time_smoother_RTS": {
        "perc_0": 0.0,
        "perc_1": 3.9369e-05,
        "perc_5": 3.9839e-05,
        "perc_25": 4.061e-05,
        "perc_50": 6.2911e-05,
        "perc_75": 6.9421e-05,
        "perc_95": 7.73e-05,
        "perc_99": 8.325106999999844e-05,
        "perc_100": 0.00030619,
        "mean": 5.5913496453599996e-05
    },
    "comp_time_smoother_STS": {
        "perc_0": 0.0,
        "perc_1": 6.256e-05,
        "perc_5": 6.3249e-05,
        "perc_25": 6.439e-05,
        "perc_50": 0.00010015,
        "perc_75": 0.000106739,
        "perc_95": 0.000122369,
        "perc_99": 0.00013088,
        "perc_100": 0.00034817,
        "mean": 8.79868353168e-05
    },
    "comp_time_model_smoother_RTS": {
        "perc_0": 0.0,
        "perc_1": 4.9919e-05,
        "perc_5": 5.0529e-05,
        "perc_25": 5.1589e-05,
        "perc_50": 8.258e-05,
        "perc_75": 9.09e-05,
        "perc_95": 9.896e-05,
        "perc_99": 0.00010803,
        "perc_100": 0.000340009,
        "mean": 7.225830419e-05
    },
    "comp_time_model_smoother_STS": {
        "perc_0": 0.0,
        "perc_1": 5.197e-05,
        "perc_5": 5.2619e-05,
        "perc_25": 5.3748e-05,
        "perc_50": 8.5109e-05,
        "perc_75": 9.2459e-05,
        "perc_95": 0.000101658,
        "perc_99": 0.000110759,
        "perc_100": 0.000328539,
        "mean": 7.437988676720001e-05
    },
    "result": {}
}