{
    "euc_error": {
        "perc_0": 0.088,
        "perc_1": 0.7059900000000016,
        "perc_5": 1.026,
        "perc_25": 1.663,
        "perc_50": 2.266,
        "perc_75": 3.044,
        "perc_95": 4.589,
        "perc_99": 6.177009999999776,
        "perc_100": 18.772,
        "mean": 2.469635676
    },
    "euc_error_RTS": {
        "perc_0": 0.062,
        "perc_1": 0.414,
        "perc_5": 0.579,
        "perc_25": 0.877,
        "perc_50": 1.138,
        "perc_75": 1.454,
        "perc_95": 2.061,
        "perc_99": 2.721,
        "perc_100": 10.981,
        "mean": 1.2083819688000002
    },
    "euc_error_STS": {
        "perc_0": 0.061,
        "perc_1": 0.414,
        "perc_5": 0.58,
        "perc_25": 0.878,
        "perc_50": 1.139,
        "perc_75": 1.456,
        "perc_95": 2.062,
        "perc_99": 2.721,
        "perc_100": 10.981,
        "mean": 1.2096599984
    },
    "likelihoods_pos": {
        "perc_0": -167.09,
        "perc_1": -15.717,
        "perc_5": -8.634,
        "perc_25": -4.449,
        "perc_50": -3.232,
        "perc_75": -2.63,
        "perc_95": -2.141,
        "perc_99": -1.684,
        "perc_100": 0.768,
        "mean": -4.0729120272
    },
    "likelihoods_pos_RTS": {
        "perc_0": -58.747,
        "perc_1": -4.003,
        "perc_5": -2.547,
        "perc_25": -1.633,
        "perc_50": -1.309,
        "perc_75": -1.064,
        "perc_95": -0.736,
        "perc_99": -0.17699000000022352,
        "perc_100": 1.918,
        "mean": -1.4312591816
    },
    "likelihoods_pos_STS": {
        "perc_0": -29.692,
        "perc_1": -3.897,
        "perc_5": -2.48,
        "perc_25": -1.549,
        "perc_50": -1.214,
        "perc_75": -0.959,
        "perc_95": -0.623,
        "perc_99": -0.073,
        "perc_100": 2.04,
        "mean": -1.3349147620000001
    },
    "likelihoods": {
        "perc_0": -32.776,
        "perc_1": -12.509,
        "perc_5": -10.282,
        "perc_25": -7.926,
        "perc_50": -6.728,
        "perc_75": -5.817,
        "perc_95": -4.828,
        "perc_99": -3.772,
        "perc_100": 2.752,
        "mean": -7.013309474
    },
    "likelihoods_RTS": {
        "perc_0": -22.245,
        "perc_1": -9.189,
        "perc_5": -7.107,
        "perc_25": -4.925,
        "perc_50": -3.814,
        "perc_75": -2.966,
        "perc_95": -2.029,
        "perc_99": -1.161,
        "perc_100": 4.293,
        "mean": -4.08049065
    },
    "likelihoods_STS": {
        "perc_0": -18.44,
        "perc_1": -9.195,
        "perc_5": -7.251,
        "perc_25": -5.02,
        "perc_50": -3.797,
        "perc_75": -2.825,
        "perc_95": -1.748,
        "perc_99": -0.897,
        "perc_100": 4.779,
        "mean": -4.0456845384
    },
    "seeds": {},
    "comp_time_filter": {
        "perc_0": 9.6279e-05,
        "perc_1": 0.0001801,
        "perc_5": 0.0002147,
        "perc_25": 0.00025373,
        "perc_50": 0.000371181,
        "perc_75": 0.000467319,
        "perc_95": 0.000568189,
        "perc_99": 0.000637519,
        "perc_100": 0.001158349,
        "mean": 0.0003681567170632
    },
    "comp_time_model": {
        "perc_0": 5.973e-05,
        "perc_1": 6.3469e-05,
        "perc_5": 6.417e-05,
        "perc_25": 6.5669e-05,
        "perc_50": 0.000109039,
        "perc_75": 0.000115329,
        "perc_95": 0.000126499,
        "perc_99": 0.013445200289999994,
        "perc_100": 0.027714336,
        "mean": 0.00042631869167480003
    },
    "comp_time_rest": {
        "perc_0": 3.878e-05,
        "perc_1": 4.1549e-05,
        "perc_5": 4.2131e-05,
        "perc_25": 4.3381e-05,
        "perc_50": 6.6379e-05,
        "perc_75": 7.101e-05,
        "perc_95": 7.8459e-05,
        "perc_99": 8.641e-05,
        "perc_100": 0.000159586,
        "mean": 5.9210402954800004e-05
    },
    "comp_time_smoother_RTS": {
        "perc_0": 0.0,
        "perc_1": 3.9319e-05,
        "perc_5": 3.98e-05,
        "perc_25": 4.059e-05,
        "perc_50": 6.4059e-05,
        "perc_75": 6.892e-05,
        "perc_95": 7.8249e-05,
        "perc_99": 8.264e-05,
        "perc_100": 0.00020498,
        "mean": 5.6234217153600004e-05
    },
    "comp_time_smoother_STS": {
        "perc_0": 0.0,
        "perc_1": 6.2439e-05,
        "perc_5": 6.3159e-05,
        "perc_25": 6.4379e-05,
        "perc_50": 0.000100799,
        "perc_75": 0.000106029,
        "perc_95": 0.000122779,
        "perc_99": 0.000130448,
        "perc_100": 0.000253931,
        "mean": 8.843016798319999e-05
    },
    "comp_time_model_smoother_RTS": {
        "perc_0": 0.0,
        "perc_1": 4.986e-05,
        "perc_5": 5.0479e-05,
        "perc_25": 5.156e-05,
        "perc_50": 8.2719e-05,
        "perc_75": 9.055e-05,
        "perc_95": 9.9529e-05,
        "perc_99": 0.00010758900999999977,
        "perc_100": 0.000244109,
        "mean": 7.23957588832e-05
    },
    "comp_time_model_smoother_STS": {
        "perc_0": 0.0,
        "perc_1": 5.1819e-05,
        "perc_5": 5.249e-05,
        "perc_25": 5.364e-05,
        "perc_50": 8.5389e-05,
        "perc_75": 9.1859e-05,
        "perc_95": 0.000101689,
        "perc_99": 0.000109459,
        "perc_100": 0.00022375,
        "mean": 7.45257665112e-05
    },
    "result": {}
}