{
    "euc_error": {
        "perc_0": 0.102,
        "perc_1": 0.649,
        "perc_5": 0.935,
        "perc_25": 1.496,
        "perc_50": 2.014,
        "perc_75": 2.656,
        "perc_95": 3.85,
        "perc_99": 5.001,
        "perc_100": 5533.353,
        "mean": 3.0215828192
    },
    "euc_error_RTS": {
        "perc_0": 0.025,
        "perc_1": 0.398,
        "perc_5": 0.555,
        "perc_25": 0.837,
        "perc_50": 1.08,
        "perc_75": 1.372,
        "perc_95": 1.911,
        "perc_99": 2.49,
        "perc_100": 3728.203,
        "mean": 1.708340182
    },
    "euc_error_STS": {
        "perc_0": 0.025,
        "perc_1": 0.397,
        "perc_5": 0.554,
        "perc_25": 0.836,
        "perc_50": 1.078,
        "perc_75": 1.369,
        "perc_95": 1.906,
        "perc_99": 2.482,
        "perc_100": 3808.62,
        "mean": 1.7100993104
    },
    "likelihoods_pos": {
        "perc_0": -2147483.648,
        "perc_1": -7.981009999999999,
        "perc_5": -4.757,
        "perc_25": -2.583,
        "perc_50": -1.861,
        "perc_75": -1.463,
        "perc_95": -1.075,
        "perc_99": -0.773,
        "perc_100": 0.824,
        "mean": -403.8106755916
    },
    "likelihoods_pos_RTS": {
        "perc_0": -2147483.648,
        "perc_1": -2.015,
        "perc_5": -1.066,
        "perc_25": -0.426,
        "perc_50": -0.162,
        "perc_75": 0.057,
        "perc_95": 0.359,
        "perc_99": 0.655,
        "perc_100": 2.27,
        "mean": -300.1925932564
    },
    "likelihoods_pos_STS": {
        "perc_0": -254.581,
        "perc_1": -1.989,
        "perc_5": -1.032,
        "perc_25": -0.372,
        "perc_50": -0.097,
        "perc_75": 0.129,
        "perc_95": 0.438,
        "perc_99": 0.737,
        "perc_100": 2.383,
        "mean": -0.33375609759999997
    },
    "likelihoods": {
        "perc_0": -441269.71,
        "perc_1": -16.715,
        "perc_5": -11.759,
        "perc_25": -7.827,
        "perc_50": -6.052,
        "perc_75": -4.769,
        "perc_95": -3.491,
        "perc_99": -2.673,
        "perc_100": 2.778,
        "mean": -21.4705015768
    },
    "likelihoods_RTS": {
        "perc_0": -430082.818,
        "perc_1": -14.39,
        "perc_5": -9.238,
        "perc_25": -5.189,
        "perc_50": -3.33,
        "perc_75": -1.975,
        "perc_95": -0.627,
        "perc_99": 0.161,
        "perc_100": 4.912,
        "mean": -25.6252730744
    },
    "likelihoods_STS": {
        "perc_0": -211.797,
        "perc_1": -12.416,
        "perc_5": -8.75,
        "perc_25": -5.258,
        "perc_50": -3.429,
        "perc_75": -1.995,
        "perc_95": -0.489,
        "perc_99": 0.367,
        "perc_100": 5.205,
        "mean": -3.9733486752
    },
    "seeds": {},
    "comp_time_filter": {
        "perc_0": 0.000143559,
        "perc_1": 0.00015184,
        "perc_5": 0.000153609,
        "perc_25": 0.000200879,
        "perc_50": 0.000280269,
        "perc_75": 0.00035974925,
        "perc_95": 0.000556559,
        "perc_99": 0.00062992,
        "perc_100": 0.023329988,
        "mean": 0.00030002737389759997
    },
    "comp_time_model": {
        "perc_0": 5.9949e-05,
        "perc_1": 6.324e-05,
        "perc_5": 6.3959e-05,
        "perc_25": 6.544e-05,
        "perc_50": 0.000106139,
        "perc_75": 0.000114269,
        "perc_95": 0.000126091,
        "perc_99": 0.013374968709999983,
        "perc_100": 0.04156787,
        "mean": 0.0004216094601608
    },
    "comp_time_rest": {
        "perc_0": 3.9099e-05,
        "perc_1": 4.1719e-05,
        "perc_5": 4.2319e-05,
        "perc_25": 4.3541e-05,
        "perc_50": 6.4478e-05,
        "perc_75": 6.916e-05,
        "perc_95": 7.6499e-05,
        "perc_99": 8.4839e-05,
        "perc_100": 0.00030209,
        "mean": 5.79994369396e-05
    },
    "comp_time_smoother_RTS": {
        "perc_0": 0.0,
        "perc_1": 3.8728e-05,
        "perc_5": 3.9209e-05,
        "perc_25": 4.001e-05,
        "perc_50": 6.276e-05,
        "perc_75": 6.7539e-05,
        "perc_95": 7.723e-05,
        "perc_99": 8.2339e-05,
        "perc_100": 0.000312688,
        "mean": 5.5121145684e-05
    },
    "comp_time_smoother_STS": {
        "perc_0": 0.0,
        "perc_1": 6.1831e-05,
        "perc_5": 6.2559e-05,
        "perc_25": 6.3749e-05,
        "perc_50": 9.944e-05,
        "perc_75": 0.000103819,
        "perc_95": 0.00012138,
        "perc_99": 0.0001297,
        "perc_100": 0.000353749,
        "mean": 8.68975430804e-05
    },
    "comp_time_model_smoother_RTS": {
        "perc_0": 0.0,
        "perc_1": 4.9859e-05,
        "perc_5": 5.0469e-05,
        "perc_25": 5.152e-05,
        "perc_50": 8.231e-05,
        "perc_75": 8.9479e-05,
        "perc_95": 9.951e-05,
        "perc_99": 0.000107889,
        "perc_100": 0.00021379,
        "mean": 7.17810614612e-05
    },
    "comp_time_model_smoother_STS": {
        "perc_0": 0.0,
        "perc_1": 5.1869e-05,
        "perc_5": 5.251e-05,
        "perc_25": 5.3618e-05,
        "perc_50": 8.4988e-05,
        "perc_75": 9.088e-05,
        "perc_95": 0.000101498,
        "perc_99": 0.00011001,
        "perc_100": 0.000337152,
        "mean": 7.390920785239999e-05
    },
    "result": {}
}